filename,document_type,source_type,chunk_count,mean_net_sentiment,std_net_sentiment,pct_positive,pct_negative,pct_neutral
yf_SKE_02_article_2.txt,news,Live,2,0.726,0.276,100,0,0
yf_SKE_05_article_5.txt,news,Live,2,0.726,0.276,100,0,0
yf_SKE_08_article_8.txt,news,Live,2,0.726,0.276,100,0,0
yf_SKE_09_article_9.txt,news,Live,2,0.726,0.276,100,0,0
newsapi_04_Skeena Reports Fourth Quarter and Annual 2025 Financial Resu.txt,news,Live,2,0.726,0.276,100,0,0
newsapi_05_Skeena Reports Fourth Quarter and Annual 2025 Financial Resu.txt,press_release,Live,2,0.726,0.276,100,0,0
newsapi_09_Mining Investment Surges as Global Conflicts Induce Further .txt,news,Live,2,0.726,0.276,100,0,0
newsapi_10_Mining Investment Surges as Global Conflicts Induce Further .txt,news,Live,2,0.726,0.276,100,0,0
yf_SKE_03_article_3.txt,news,Live,2,0.726,0.276,100,0,0
20260217_Skeena_Resources_Ltd-_Press_Release_2026-2-17_SE000000003095955674.pdf,press_release,Uploaded,14,0.622,0.257,64.286,0,35.714
20250814_Skeena_Resources_Ltd-_Press_Release_2025-8-14_SE000000003072526126.pdf,press_release,Uploaded,14,0.622,0.257,64.286,0,35.714
20250515_Skeena_Resources_Ltd-_Press_Release_2025-5-15_SE000000003064519643.pdf,press_release,Uploaded,15,0.607,0.254,60,0,40
20260128_Skeena_Resources_Ltd-_Press_Release_2026-1-28_SE000000003094224101.pdf,press_release,Uploaded,15,0.607,0.254,60,0,40
20251008_Skeena_Resources_Ltd-_Press_Release_2025-10-08_SE000000003079543575.pdf,press_release,Uploaded,13,0.598,0.25,61.538,0,38.462
20250916_Skeena_Resources_Ltd-_Company_Presentation_2025-9-16_WC000000003076470969.pdf,other,Uploaded,13,0.598,0.25,61.538,0,38.462
20250630_Skeena_Resources_Ltd-_Company_Presentation_2025-6-30_WC000000003068282897.pdf,other,Uploaded,13,0.598,0.25,61.538,0,38.462
20250716_Skeena_Resources_Ltd-_Company_Presentation_2025-7-16_WC000000003069667594.pdf,other,Uploaded,13,0.598,0.25,61.538,0,38.462
20250806_Skeena_Resources_Ltd-_Company_Presentation_2025-8-06_WC000000003071517216.pdf,other,Uploaded,13,0.598,0.25,61.538,0,38.462
20250624_Skeena_Resources_Ltd-_Press_Release_2025-6-24_SE000000003067698201.pdf,press_release,Uploaded,16,0.569,0.288,56.25,0,43.75
yf_SKE_04_article_4.txt,news,Live,1,0.531,,100,0,0
yf_SKE_06_article_6.txt,news,Live,1,0.531,,100,0,0
20251114_Skeena_Resources_Ltd-_Press_Release_2025-11-14_SE000000003085296802.pdf,press_release,Uploaded,17,0.529,0.325,52.941,0,47.059
20260203_Skeena_Resources_Ltd-_Press_Release_2026-2-03_SE000000003094852612.pdf,press_release,Uploaded,17,0.529,0.325,52.941,0,47.059
20251215_Skeena_Resources_Ltd-_Press_Release_2025-12-15_SE000000003089151890.pdf,press_release,Uploaded,17,0.529,0.325,52.941,0,47.059
20260324_Skeena_Resources_Ltd-_Press_Release_2026-3-24_SE000000003100076360.pdf,press_release,Uploaded,17,0.529,0.325,52.941,0,47.059
20250721_Skeena_Resources_Ltd-_Press_Release_2025-7-21_SE000000003069987369.pdf,press_release,Uploaded,18,0.509,0.326,50,0,50
20260217_Skeena_Resources_Ltd-_6_K_2026-02-17.pdf,filing,Uploaded,18,0.509,0.326,50,0,50
20260128_Skeena_Resources_Ltd-_6_K_2026-01-28.pdf,filing,Uploaded,18,0.509,0.326,50,0,50
20260203_Skeena_Resources_Ltd-_6_K_2026-02-03.pdf,filing,Uploaded,19,0.484,0.335,47.368,0,52.632
20251215_Skeena_Resources_Ltd-_6_K_2025-12-15.pdf,filing,Uploaded,19,0.484,0.335,47.368,0,52.632
20251008_Skeena_Resources_Ltd-_6_K_2025-10-08.pdf,press_release,Uploaded,20,0.46,0.344,45,0,55
20250721_Skeena_Resources_Ltd-_6_K_2025-07-21.pdf,filing,Uploaded,21,0.438,0.349,42.857,0,57.143
20250624_Skeena_Resources_Ltd-_6_K_2025-06-24.pdf,filing,Uploaded,21,0.438,0.349,42.857,0,57.143
20250522_Skeena_Resources_Ltd-_Press_Release_2025-5-22_SE000000003065073543.pdf,press_release,Uploaded,22,0.42,0.352,40.909,0,59.091
20251004_Skeena_Resources_Ltd-_Press_Release_2025-10-04_SE000000003079038222.pdf,press_release,Uploaded,22,0.42,0.352,40.909,0,59.091
20260127_Skeena_Resources_Ltd-_Press_Release_2026-1-27_SE000000003094064206.pdf,press_release,Uploaded,23,0.401,0.355,39.13,0,60.87
20260127_Skeena_Resources_Ltd-_6_K_2026-01-27.pdf,filing,Uploaded,24,0.384,0.358,37.5,0,62.5
20251001_Skeena_Resources_Ltd-_Press_Release_2025-10-01_SE000000003078778552.pdf,press_release,Uploaded,24,0.384,0.358,37.5,0,62.5
20250522_Skeena_Resources_Ltd-_6_K_2025-05-22.pdf,press_release,Uploaded,25,0.369,0.357,36,0,64
20240403_Hannam_-_Partners_SKE-CN_Skeena_Resources-_FY_23_Advancing_Eskay_Creek_and.pdf,equity_research,Uploaded,31,0.291,0.372,29.032,3.226,67.742
20210408_Hannam_-_Partners_SKE-CN_Skeena_Resources-_Updated_Resource_provides_pathway_to_p.pdf,equity_research,Uploaded,32,0.281,0.37,28.125,3.125,68.75
20201118_Hannam_-_Partners_SKE-CN_Skeena_Resources-_Adjusting_valuation_as_C-46m_share_off.pdf,equity_research,Uploaded,35,0.258,0.362,25.714,2.857,71.429
20210331_SCP_Resource_Finance_LP_SKE-CN_210331_scp_ske_tahltan.pdf,equity_research,Uploaded,34,0.257,0.366,26.471,2.941,70.588
20240626_Hannam_-_Partners_SKE-CN_Skeena_Resources-_Comprehensive_US-750m_funding_package.pdf,equity_research,Uploaded,34,0.256,0.37,26.471,2.941,70.588
20220607_SCP_Resource_Finance_LP_SKE-CN_220607_scp_ske_Tahltan.pdf,equity_research,Uploaded,35,0.245,0.361,22.857,2.857,74.286
20220216_SCP_Resource_Finance_LP_SKE-CN_220216_scp_ske_president.pdf,equity_research,Uploaded,35,0.245,0.361,22.857,2.857,74.286
20240209_Hannam_-_Partners_SKE-CN_Skeena_Resources-_High_grade_results_from_2023_drill_pro.pdf,equity_research,Uploaded,37,0.243,0.357,24.324,2.703,72.973
20220126_SCP_Resource_Finance_LP_SKE-CN_220126_scp_ske_drilling.pdf,equity_research,Uploaded,36,0.243,0.361,25,2.778,72.222
20210210_SCP_Resource_Finance_LP_SKE-CN_210210scp_ske_drilling.pdf,equity_research,Uploaded,36,0.239,0.359,25,2.778,72.222
20210128_SCP_Resource_Finance_LP_SKE-CN_210128_scp_ske_drilling.pdf,equity_research,Uploaded,36,0.239,0.359,25,2.778,72.222
20201125_Hannam_-_Partners_SKE-CN_Skeena_Resources-_2020_drilling_programme_delivers_furth.pdf,equity_research,Uploaded,38,0.237,0.354,23.684,2.632,73.684
20210202_Hannam_-_Partners_SKE-CN_Skeena_Resources-_Additional_positive_diamond_drill_core.pdf,equity_research,Uploaded,38,0.237,0.354,23.684,2.632,73.684
20210524_Hannam_-_Partners_SKE-CN_Skeena_Resources-_Blockbuster_grades_at_Snip_after_C-57..pdf,equity_research,Uploaded,38,0.237,0.354,23.684,2.632,73.684
20211015_SCP_Resource_Finance_LP_SKE-CN_211015_scp_ske_hochschild.pdf,equity_research,Uploaded,37,0.236,0.359,24.324,2.703,72.973
20221117_SCP_Resource_Finance_LP_SKE-CN_221117_scp_ske_drilling.pdf,equity_research,Uploaded,38,0.229,0.356,23.684,2.632,73.684
20231220_Hannam_-_Partners_SKE-CN_Skeena_Resources-_Franco_Nevada_C-81m_financing_reduces.pdf,equity_research,Uploaded,40,0.225,0.349,22.5,2.5,75
20221129_SCP_Resource_Finance_LP_SKE-CN_221129_scp_ske_drilling.pdf,equity_research,Uploaded,39,0.221,0.351,23.077,2.564,74.359
20230117_SCP_Resource_Finance_LP_SKE-CN_230117_scp_ske_permit.pdf,equity_research,Uploaded,39,0.221,0.351,23.077,2.564,74.359
20221109_SCP_Resource_Finance_LP_SKE-CN_221109_scp_ske_drilling.pdf,equity_research,Uploaded,39,0.221,0.351,23.077,2.564,74.359
20210126_SCP_Resource_Finance_LP_SKE-CN_210126_scp_ske_metwork.pdf,equity_research,Uploaded,37,0.219,0.341,21.622,2.703,75.676
20251002_Skeena_Resources_Ltd-_6_K_2025-10-02.pdf,filing,Uploaded,42,0.213,0.345,21.429,2.381,76.19
20230222_SCP_Resource_Finance_LP_SKE-CN_230222_scp_ske_drilling.pdf,equity_research,Uploaded,38,0.213,0.338,21.053,2.632,76.316
20220119_SCP_Resource_Finance_LP_SKE-CN_220119_scp_ske_drilling.pdf,equity_research,Uploaded,40,0.209,0.345,20,2.5,77.5
20210504_SCP_Resource_Finance_LP_SKE-CN_210504_scp_ske_drilling.pdf,equity_research,Uploaded,40,0.209,0.345,20,2.5,77.5
20251215_SCP_Resource_Finance_LP_SKE-CN_251215_scp_ske_tahltan.pdf,equity_research,Uploaded,42,0.203,0.345,21.429,2.381,76.19
20210525_SCP_Resource_Finance_LP_SKE-CN_210525_scp_ske_drilling.pdf,equity_research,Uploaded,42,0.203,0.345,21.429,2.381,76.19
20260127_SCP_Resource_Finance_LP_SKE-CN_260127_scp_ske_permit.pdf,equity_research,Uploaded,41,0.203,0.343,19.512,2.439,78.049
20221101_SCP_Resource_Finance_LP_SKE-CN_221101_scp_ske_drilling.pdf,equity_research,Uploaded,40,0.202,0.333,20,2.5,77.5
20221025_SCP_Resource_Finance_LP_SKE-CN_221025_scp_ske_drilling.pdf,equity_research,Uploaded,40,0.202,0.333,20,2.5,77.5
20260128_SCP_Resource_Finance_LP_SKE-CN_260128_scp_ske_permit.pdf,equity_research,Uploaded,40,0.202,0.333,20,2.5,77.5
20221122_SCP_Resource_Finance_LP_SKE-CN_221122_scp_ske_drilling.pdf,equity_research,Uploaded,40,0.202,0.333,20,2.5,77.5
20231218_SCP_Resource_Finance_LP_SKE-CN_231218_scp_ske_funding.pdf,equity_research,Uploaded,40,0.202,0.331,20,2.5,77.5
20210407_SCP_Resource_Finance_LP_SKE-CN_210407_scp_ske_mre.pdf,equity_research,Uploaded,44,0.198,0.37,22.727,6.818,70.455
20210707_SCP_Resource_Finance_LP_SKE-CN_210707_scp_ske_drilling.pdf,equity_research,Uploaded,41,0.196,0.329,19.512,2.439,78.049
20211208_SCP_Resource_Finance_LP_SKE-CN_211208_scp_ske_awf_drilling.pdf,equity_research,Uploaded,41,0.196,0.329,19.512,2.439,78.049
20210531_SCP_Resource_Finance_LP_SKE-CN_210531_scp_ske_drilling.pdf,equity_research,Uploaded,43,0.192,0.367,20.93,4.651,74.419
20210429_Hannam_-_Partners_SKE-CN_Increasing_target_price_to_C-6.52-sh_on_inclusion_of_Res.pdf,equity_research,Uploaded,47,0.183,0.359,21.277,6.383,72.34
20240627_SCP_Resource_Finance_LP_SKE-CN_240627_scp_ske_funding.pdf,equity_research,Uploaded,44,0.183,0.369,20.455,6.818,72.727
20260203_SCP_Resource_Finance_LP_SKE-CN_260203_scp_ske_emafinalpermit.pdf,equity_research,Uploaded,44,0.182,0.369,20.455,6.818,72.727
20230620_SCP_Resource_Finance_LP_SKE-CN_230620_scp_ske_mre.pdf,equity_research,Uploaded,45,0.181,0.366,22.222,6.667,71.111
20201217_SCP_Resource_Finance_LP_SKE-CN_201209_scp_ske_drilling.pdf,equity_research,Uploaded,50,0.17,0.351,20,6,74
20210723_SCP_Resource_Finance_LP_SKE-CN_210723_scp_ske_pfs.pdf,equity_research,Uploaded,53,0.16,0.344,18.868,5.66,75.472
20231205_Atrium_Research_-Sponsored-_Mining_Monthly-_November_Edition-_Mining_Monthly-_Novemb.pdf,equity_research,Uploaded,55,0.154,0.339,18.182,5.455,76.364
20231115_SCP_Resource_Finance_LP_SKE-CN_231115_scp_ske_dfs.pdf,equity_research,Uploaded,54,0.151,0.341,18.519,5.556,75.926
20240703_Atrium_Research_-Sponsored-_VGCX-CN_Mining_Monthly-_June_Edition-_Mining_Monthly-_June_Editi.pdf,equity_research,Uploaded,57,0.147,0.334,17.544,5.263,77.193
20230905_SCP_Resource_Finance_LP_SKE-CN_230905_scp_ske_mre.pdf,equity_research,Uploaded,64,0.117,0.336,15.625,6.25,78.125
20220921_SCP_Resource_Finance_LP_SKE-CN_220921_scp_ske_PFS.pdf,equity_research,Uploaded,63,0.112,0.337,15.873,6.349,77.778
20240626_SP_Angel_Corporate_Finance_LLP_SVM-AU_SP_Angel_Morning_View-_Chinese_lithium_producers_rally_s.pdf,equity_research,Uploaded,74,0.108,0.327,16.216,5.405,78.378
20260213_Skeena_Resources_Ltd-_Company_Presentation_2026-2-13_WC000000003095846937.pdf,other,Uploaded,79,0.084,0.312,12.658,5.063,82.278
20260225_Skeena_Resources_Ltd-_Company_Presentation_2026-2-25_WC000000003096800720.pdf,other,Uploaded,81,0.078,0.31,12.346,4.938,82.716
20260310_Skeena_Resources_Ltd-_Company_Presentation_2026-3-10_WC000000003098354234.pdf,other,Uploaded,83,0.076,0.307,12.048,4.819,83.133
20260113_Skeena_Resources_Ltd-_Company_Presentation_2026-1-13_WC000000003092365140.pdf,other,Uploaded,99,0.06,0.283,10.101,4.04,85.859
20251231_Skeena_Resources_Ltd-_Company_Presentation_2025-12-31_WC000000003090976485.pdf,other,Uploaded,99,0.06,0.283,10.101,4.04,85.859
20251119_Skeena_Resources_Ltd-_Company_Presentation_2025-11-19_WC000000003085798566.pdf,other,Uploaded,99,0.06,0.283,10.101,4.04,85.859
20251008_Skeena_Resources_Ltd-_Company_Presentation_2025-10-08_WC000000003079575661.pdf,other,Uploaded,99,0.06,0.283,10.101,4.04,85.859
20231218_Hannam_-_Partners_SKE-CN_Skeena_Resources-_Initiation_Eskay_Creek_feasibility_l.pdf,equity_research,Uploaded,207,0.004,0.233,5.314,4.348,90.338
20250814_Skeena_Resources_Ltd-_Management-s_Analysis_2025-8-14_SE000000003072525914.pdf,MDA,Uploaded,211,-0.001,0.228,4.739,4.265,90.995
20260324_Skeena_Resources_Ltd-_Management-s_Analysis_2026-3-24_SE000000003100075548.pdf,MDA,Uploaded,210,-0.001,0.228,4.762,4.286,90.952
20251114_Skeena_Resources_Ltd-_Management-s_Analysis_2025-11-14_SE000000003085158364.pdf,MDA,Uploaded,210,-0.001,0.228,4.762,4.286,90.952
20250701_Skeena_Resources_Ltd-_Annual_Report_2025-7-01_WC000000003068248804.pdf,filing,Uploaded,223,-0.001,0.222,4.484,4.036,91.48
20251006_Skeena_Resources_Ltd-_6_K_2025-10-06.pdf,filing,Uploaded,255,-0.003,0.207,3.922,3.529,92.549
20251113_Skeena_Resources_Ltd-_6_K_2025-11-13.pdf,filing,Uploaded,317,-0.006,0.191,3.155,3.155,93.691
20260208_UBS_SKE-CN_Skeena_Resources_Ltd_-Eskay_Creek_Recieves_Full_Permitti.pdf,equity_research,Uploaded,311,-0.006,0.193,3.215,3.215,93.569
20250814_Skeena_Resources_Ltd-_6_K_2025-08-14.pdf,filing,Uploaded,312,-0.007,0.192,3.205,3.205,93.59
